Filename,Nickname,Session
1d24caf0-a132-11ec-aec4-ab64a57f41b0.VjsbmdPGxvOJziBwXr0jFWZWvC23,bFKW/IY1xfpoW0KnptYOW0nxMRpfpKdtQ3OmDewRU0Y=,3B
2bc7ffe0-9e81-11ec-93a4-3b06f9583e7b.uqUlbkejUiPMRpf20P6kwzksEFX2,vsa2/WR0DSIwu5icfCRfN6xFHknfajIBUo44EtFpDkA=,1
4aa16340-a019-11ec-955e-b928c77ad3a1.DpOetnk2txbsE4cVRsdzILviM1i1,gK9od+J2PjTdGJ1v4EeVQICwmFNwdIISzqYGJN3NVGo=,3B
8b3cfbb0-a020-11ec-9556-e1f35a3f1148.MU9SZjV71eRByCl2lUo5MrZFk3T2,rhZq7HEoArpktnHej+Gt7jdBb34QuWC04vpWLB4NSkg=,3B
1a2b9c20-a056-11ec-9670-dd492cb81acc.80sPOMwlsMfFZmMvIXF4RaG80Ez1,Um0yfj5NeuH71Fqr0IlkskH0ySdiA+L6CUy/3rZ7UlU=,1
97be7890-a021-11ec-9556-e1f35a3f1148.AwcbrThRANhq004FdlJoV2N61J53,+O9tbaXqYnEl2zrHwqyszwP8eDWjouEI9gg4zkIwPCI=,3A
2bc7ffe0-9e81-11ec-93a4-3b06f9583e7b.RQuJhJEYlOXsFGMKEpocjUdQx4A3,Nvuj0Dmm6GTGIkPmYoZwmDegLOBXXseElp8eJbqp7Fw=,1
0f693b80-9e80-11ec-872b-ed38694bee4a.3eJyuFUtYshsXjQRotQOd5LCfdn2,eJ4PR6Fagtg6QJaEiPW5mRZPW4Su60Z/Fo5zf9s+NCw=,2A
f8aa4c40-a118-11ec-aec4-ab64a57f41b0.Xoj9S3EMIYhJZT87kXPCSIVPeiN2,RKry6gjnB3ssqCzqvopiYb5xABEshZDxX6mHfVf2jEo=,1
bbd27c20-a11d-11ec-aec4-ab64a57f41b0.eQqgH7GeTvMai6PsWS0ZqC4ikjx1,ueOGolSbJiSpWudwzMwpAOpEu5ggzBCT55T2OfOvoiM=,2A
fbaf77f0-9e91-11ec-a2bb-21e43a79469e.mGgPStUJusUAOvMXSNKM1UfPeLI3,IeGNbg+yrkMN6+BytZU+wfQqHxdSGB41HpO+e/7F0E4=,1
5bd2bc70-9e81-11ec-93a4-3b06f9583e7b.XhjRaVQWOeTmc9OhHtC28OEdkjJ2,0pX3gW2KXGHBOf+jkUtF5tSEb0T4CQxz1wCOan6Kp0c=,2B
5bd2bc70-9e81-11ec-93a4-3b06f9583e7b.j9cq4RNy5hZCRuc7To3FA1hRXAG3,o+h71nrEltqcHGYd3wTX++AZwonuMiEgRY28L5H9xyI=,2B
810131f0-9ed3-11ec-a7c7-ed7aee5058dd.iwIYovU6LLTmwhFkSR3StPNuWn22,iRePTkCbSDGHXNIr0tFILtdOu6s7URXyMAcHkQknbgI=,1
810131f0-9ed3-11ec-a7c7-ed7aee5058dd.0C4nARGnjjYCKATUPcWqvyYkJAo1,fyVkgetQfqkNtkHcR3HjZIhJQelEKpNVbIRq6or6OnU=,1
7bb219f0-a020-11ec-9556-e1f35a3f1148.TPclQFSNUxaW8jSFUVubPjxqWCM2,2JDUJzxLHAJZr0qAsXlntIpKpwhstXGFAS/x8P5hcB8=,3B
08060080-a3b2-11ec-bd4e-65f4d4183803.RxMtXnqPI6TQucFOujkCvZKTl382,AgXjiY9EDmqdR80b+7aI1UuNUNq+PY396lSbBbbOqj0=,2A
fb6908d0-9e80-11ec-93a4-3b06f9583e7b.XUmYLs6ChMM6mlMhv0J5rz6YO4q2,NGj9W7y2Yg98kdc4ZEGIgRjXf2UblEkXyClbqLCRkVs=,2B
90f711c0-a058-11ec-b395-a7bf5616be76.w57lACAtzRbapO2yMF2cEOaxLgY2,GzT/qbjMxKZBOQN76vL3y8vt4ht8wb6d0QLskCkb81A=,1
26a8ec50-9e80-11ec-872b-ed38694bee4a.LQIv0sFfaJdfskSDj3a5nRNo3Ei1,Izho2TY1XVXYkjE5VfDskDf5jjJZyHcocRVhcyRIHAY=,2B
bbd27c20-a11d-11ec-aec4-ab64a57f41b0.9yrDtLdA9XfLVHQsG1zxw0DSM1I3,iHiRful2N1Z4AM9KFStI0fBXXWyATfkkZFeI1AEHbjk=,2A
a4835c80-a021-11ec-9556-e1f35a3f1148.40pydLrE8KagE4nzwQFRBGKTCLu2,1SgjJERnQow9YEtQmLCYco6//I15zb0TspmEMAv6LxQ=,3B
5bd2bc70-9e81-11ec-93a4-3b06f9583e7b.eoKSH0fUGSewCfwtFo3WoBr8qQu1,zkJglgtVdPE5iJ/PvLHCkJhbrIXgo3Zkm3nWZZjP1Hw=,2B
fb6908d0-9e80-11ec-93a4-3b06f9583e7b.myS60F84jdNQGq16K19cVwKNn5t1,55/0GeQvYta9KHDwVnEroQriOCW25LxI69HKLl88NVE=,2B
810131f0-9ed3-11ec-a7c7-ed7aee5058dd.dbpy0s6FuDVVgXiwmd9bAA6shKh2,rid0eBWWMAHMOtR5JTnOEaTE/1m/hUVSikwXvZUL6Do=,1
99068610-a12b-11ec-a706-151592d11e23.qtBgu8314Lc6SwFGTiAbUNiFTuH2,CBVLAGLoScxzK64Hq+J3knV13C/D88f+LjddRiFaBB0=,2B
eb026910-a11d-11ec-aec4-ab64a57f41b0.S3vGm5s5lOfiAJGiZ2MLLq1oqct1,MpRy7geA9ZK0ZxeBuHCrBAmF8iiYMP66NcMFIb5S5h8=,2B
d931e110-9e80-11ec-93a4-3b06f9583e7b.IRjWfG9dC5ayi8ZA15W73xGr9UN2,0bZqaBxaqrJi/o1HIRxv/6FFqKD1HhF9J2jhWpotIF4=,1
4eec6dd0-9e81-11ec-93a4-3b06f9583e7b.ovid3EJGqlSOwl2dttSx50Etssn2,avBFNZbpf1PzL0Zn2vE1hKMg5EODpWcIhHvHg7HnS3Q=,2A
d931e110-9e80-11ec-93a4-3b06f9583e7b.FOIwTMLEa8SvrDcbQs9Vxx7SiHV2,dhZAhHbimTQ4pt3mVp3refpdsDnPuJMgxH8ZPokCDGg=,1
2479ea50-a020-11ec-9556-e1f35a3f1148.UBEoizFbZPOQFruAkgCtl4OnWtz1,zDm2VT7yQ3pIBGmStgP3Sxr0IjTD+7kM6PljHeBWShk=,3B
f8aa4c40-a118-11ec-aec4-ab64a57f41b0.ucRjrnt2e4WrJYnoVuAEaBZInrr1,Y30oQBS+06+PYSHp7runLKyyZtqfPnmNO1N+sDOqlTQ=,1
bbd27c20-a11d-11ec-aec4-ab64a57f41b0.lWoGXzokbKdbNLfIyKNGjJT99wz1,btJqQV/GwCH12/EuqPyUJEVb8zjI9a3oRRHOvqZPt3E=,2A
2bc7ffe0-9e81-11ec-93a4-3b06f9583e7b.pMQlR1QYLmQ8bBKxDYqylr3hvgn2,CaOKOSVHw+CuDfUFiGI1mEwydQQ40AbuL2PNVfDZZEA=,1
6894a340-a12b-11ec-a706-151592d11e23.gy6JKrl2IfgwY7GTtlQyIWA0XzU2,EfJRBMzhvlhB06JGlRReJhHVhznfGXOzNCdUlHZXilE=,2A
3eabfb20-a057-11ec-95d2-9fe709fe5896.6UhgzHIYGtetE3DlyVR1IapPYPT2,Xanp1b8qnJ5nPH7NxnSR2/FGS0eNrkevUgr1mYMn9lo=,2B
f7403c20-9e7f-11ec-872b-ed38694bee4a.MJ1PqUDSQBOdEjrBc42URNCzmzc2,hsKZydS9bRKFHgK8FibwlkY/BQupVOktC+PW48gGUko=,1
ecc67020-a131-11ec-aec4-ab64a57f41b0.ic3yvAxHtPNG0MPesE43rM6uI002,ZOJa4Bv/h8HvkKlNI1iPI81avSyuXG3emGv5Vr71gTE=,3A
d931e110-9e80-11ec-93a4-3b06f9583e7b.pAHBVpSxCGhvw0oQXUQ5au1TTkT2,pL6i7Apu5oXMzaHMBy6Qh24kmw7E3+6Tmmm42SuC4AE=,1
57249bf0-a2da-11ec-8d06-ab4c24377155.mGgPStUJusUAOvMXSNKM1UfPeLI3,IeGNbg+yrkMN6+BytZU+wfQqHxdSGB41HpO+e/7F0E4=,3B
4a94e370-a377-11ec-9282-3b30ef53f779.Wsr2rUCaZ5T2egeL2DOruwh9XDK2,OvUNCxF4IVcXhcSR4dcnIbTU8Vn0ni8lRXZiAY4YxgY=,3B
1f4aa860-9f96-11ec-aef9-65678a65b733.gy6JKrl2IfgwY7GTtlQyIWA0XzU2,EfJRBMzhvlhB06JGlRReJhHVhznfGXOzNCdUlHZXilE=,1
cba627c1-9ddd-11ec-a397-938e5045a3ad.I2kmkpctOWfWDlpyTIiDWdUDNT83,AgXjiY9EDmqdR80b+7aI1UuNUNq+PY396lSbBbbOqj0=,1
ed235140-9e80-11ec-93a4-3b06f9583e7b.gbxOm1gUWdfHd7xQ84ihU9WqeY62,TxC9ys4VsQiWG+04OGuKyJRrstsGHs6MFxysyb9sKU8=,2A
1a2b9c20-a056-11ec-9670-dd492cb81acc.fLG6vPSKC6YheERY8hdCJE8FZgg1,GiKAEeO0vrQOc6hjOHrRI3JeoQyu9S+uOdHUD4rN/E0=,1
eb026910-a11d-11ec-aec4-ab64a57f41b0.0gEBYkvbLZT6g0ZNIBp28GpylB13,GiWfUEUz7DxxsWV63IqoNMPtnm4+krzYchpGBy0LtHQ=,2B
d931e110-9e80-11ec-93a4-3b06f9583e7b.tOknzcDphkbrWylYArP2E9sWUOF2,oa26B3fRs4HxpVJfFNIVbVJc3WmJs1vtGKOS5xbCzwk=,1
a4835c80-a021-11ec-9556-e1f35a3f1148.W1h57iYprsUx9SZHoePwzfAEUiC3,G3/1fjPcDGFM9/DFadbbrK9QnxurV9CRTXjS2kzWLn0=,3B
d931e110-9e80-11ec-93a4-3b06f9583e7b.G5foxBkMdufCLKFsonm6uUnnhpI2,K/Mo/+s6YkB0qaHaApHHtAiF76eaWEH2G2GUkDHNv20=,1
2bc7ffe0-9e81-11ec-93a4-3b06f9583e7b.JrHIycn8a7OOaaRj6Kgi22eIZsf2,PqSJRP3oCCfabfRf3zVKKQdRE++TQgxZatIarmo9mxg=,1
d931e110-9e80-11ec-93a4-3b06f9583e7b.gbxOm1gUWdfHd7xQ84ihU9WqeY62,TxC9ys4VsQiWG+04OGuKyJRrstsGHs6MFxysyb9sKU8=,1
1a2b9c20-a056-11ec-9670-dd492cb81acc.MgGGOLg5VgTcv47ryysz0d5cY3S2,BWw5qnMzTvGMiKuA181mb4D2E5IUb2B94lLpyAImxTU=,1
c559c5b0-a2e8-11ec-a451-2bfa0d8df993.mGgPStUJusUAOvMXSNKM1UfPeLI3,gK9od+J2PjTdGJ1v4EeVQICwmFNwdIISzqYGJN3NVGo=,3B
8b3cfbb0-a020-11ec-9556-e1f35a3f1148.XUmYLs6ChMM6mlMhv0J5rz6YO4q2,NGj9W7y2Yg98kdc4ZEGIgRjXf2UblEkXyClbqLCRkVs=,3B
4eec6dd0-9e81-11ec-93a4-3b06f9583e7b.KAVggGPgDZXGhIHHn0IJYvEc3N62,+O9tbaXqYnEl2zrHwqyszwP8eDWjouEI9gg4zkIwPCI=,2A
2bc7ffe0-9e81-11ec-93a4-3b06f9583e7b.E4HyCV4Q4ZfDsgIqib2rbhSH8EF3,G8L4t2MEaelOVGCyB0pYLbNxE3LTudhGaQ58+gfalRA=,1
90f711c0-a058-11ec-b395-a7bf5616be76.IdWk1dckllQLBEJwM6kINiNK00u2,U4EJ4Lz3ZLXEycn1PFeYzTUn75qJ+y6YMVgOacpM92E=,1
810131f0-9ed3-11ec-a7c7-ed7aee5058dd.6UhgzHIYGtetE3DlyVR1IapPYPT2,Xanp1b8qnJ5nPH7NxnSR2/FGS0eNrkevUgr1mYMn9lo=,1
d931e110-9e80-11ec-93a4-3b06f9583e7b.CJTU3y0ixfbqwYV8LksoFkhkhtp2,z++fhJvGCK0DjUoqg99CUsnrFz2xK4UXEFsS6hyIREo=,1
19ed29c0-9e78-11ec-90c4-51fbf70af713.q7oNmVkMSsOYm1EZe0RtqAl3Y8m2,IeGNbg+yrkMN6+BytZU+wfQqHxdSGB41HpO+e/7F0E4=,2B
2479ea50-a020-11ec-9556-e1f35a3f1148.Ay5qsCNts9VP8agwvrdvTLjOtXg1,6po/cpXOf+jPeky8izzp8dEznez3k0OV/+iflirqyS0=,3B
d931e110-9e80-11ec-93a4-3b06f9583e7b.7RCjd1nasPSGHYL5QpqRAMwC8Wg2,33JnL70xfBdTAs+3OVkR8OAmLiVwhEI2adXBge9Ckng=,1
d931e110-9e80-11ec-93a4-3b06f9583e7b.WuoJrq35kjfJs4eMEIHqCvpUYqC3,pQoMnbZ4IO1RNyKK2cCBs5CI3qNHoKowuhw3xaQ6oU4=,1
d931e110-9e80-11ec-93a4-3b06f9583e7b.XUmYLs6ChMM6mlMhv0J5rz6YO4q2,NGj9W7y2Yg98kdc4ZEGIgRjXf2UblEkXyClbqLCRkVs=,1
d931e110-9e80-11ec-93a4-3b06f9583e7b.MsccUJ7BaleYLwo8aJTjGnyJdSA3,dsfXm+li7UWu4g/F2W1ucYW9HpBWqW7AonYXk+8DOSA=,1
4eec6dd0-9e81-11ec-93a4-3b06f9583e7b.RMahWiIlRfPA46jrjXhi9FyHuIm1,tBIcAlbC495FaxdLVTrDofodGvsKkJeQQ2dFX20+0lw=,2A
2bc7ffe0-9e81-11ec-93a4-3b06f9583e7b.KAVggGPgDZXGhIHHn0IJYvEc3N62,+O9tbaXqYnEl2zrHwqyszwP8eDWjouEI9gg4zkIwPCI=,1
99068610-a12b-11ec-a706-151592d11e23.YXO9s2hEMHWMdLwRTxHTit6an292,zylmrsQyYVyyg3XvmDx+I6RImVLPQiucTywZwm+DKFQ=,2B
7bb219f0-a020-11ec-9556-e1f35a3f1148.G5foxBkMdufCLKFsonm6uUnnhpI2,K/Mo/+s6YkB0qaHaApHHtAiF76eaWEH2G2GUkDHNv20=,3A
2479ea50-a020-11ec-9556-e1f35a3f1148.bsnjFFoLOEPoIuabcEztM3Q6Ox53,q4bTMhFYK9JysIaPu/Glne6t49okkmCplDFt4+Lnjio=,3B
f7403c20-9e7f-11ec-872b-ed38694bee4a.eAf0pdBUmQd5uieasyl3SJ0xjmg2,qzykSTetboSusSQA+oATx24aTW/OZpaG1YXuoTgYOHw=,1
f8aa4c40-a118-11ec-aec4-ab64a57f41b0.xXBPzNMDvHeWpS7PmEboiP6uQl42,jLT3jPQPhNTJIKqXfXc2dAfAlHr1WDEQTF/Gejb+rw4=,1
1a2b9c20-a056-11ec-9670-dd492cb81acc.JCjL6sYoXGbuuGJ5wriYcRfAdn93,HH+dRO6JShZl8PqokX6QfNTphhTAasHCyYciXhrfl1Q=,1
f7403c20-9e7f-11ec-872b-ed38694bee4a.g0HzFTIYPgSw5SBf2jn9URxKO9H2,pZvzc7K5S1XNyrSQpHY1HgcNriO90gOuuINI6bYrf2U=,1
7bb219f0-a020-11ec-9556-e1f35a3f1148.VroXEbTOYlMOH3Ag5sAgy6lTVqD2,pL6i7Apu5oXMzaHMBy6Qh24kmw7E3+6Tmmm42SuC4AE=,3A
2479ea50-a020-11ec-9556-e1f35a3f1148.jXAs1rOGQsefaH6pzbX1ySj3fqG2,aGivYTlpwrfYfO5NWSXgfLSkHehMtLp14ttK6bAmOnI=,3B
97be7890-a021-11ec-9556-e1f35a3f1148.Y1CVTnMGVTd0tQuylZgcP6k3aek1,+O9tbaXqYnEl2zrHwqyszwP8eDWjouEI9gg4zkIwPCI=,3B
8b3cfbb0-a020-11ec-9556-e1f35a3f1148.7RCjd1nasPSGHYL5QpqRAMwC8Wg2,33JnL70xfBdTAs+3OVkR8OAmLiVwhEI2adXBge9Ckng=,3B
f7403c20-9e7f-11ec-872b-ed38694bee4a.7aUZkN6cH7MQlsrlqNzHLIXUYJT2,eJ4PR6Fagtg6QJaEiPW5mRZPW4Su60Z/Fo5zf9s+NCw=,1
fb6908d0-9e80-11ec-93a4-3b06f9583e7b.MU9SZjV71eRByCl2lUo5MrZFk3T2,rhZq7HEoArpktnHej+Gt7jdBb34QuWC04vpWLB4NSkg=,2B
2d9f3150-a2e9-11ec-a451-2bfa0d8df993.mGgPStUJusUAOvMXSNKM1UfPeLI3,IeGNbg+yrkMN6+BytZU+wfQqHxdSGB41HpO+e/7F0E4=,3B
4eec6dd0-9e81-11ec-93a4-3b06f9583e7b.rMcMLR0r4WO7WJbAeDO9XRbjtSD3,1nWKVhb5t3eTUVgJz4+puWk9UxuA6Q87QXirErGosQk=,2A
eb026910-a11d-11ec-aec4-ab64a57f41b0.rUEq04g0g4UQGVOb2JNa3vev2xO2,UfSZCHM4L3bImA51yCaiA59LFLhk8VWVX2+nOBcBqiU=,2B
2479ea50-a020-11ec-9556-e1f35a3f1148.Llyt2b9ObYSSMjoBYU1u7MlUsW62,KXUUBysdX2bsh2Wl2h3t6gEuP/2VF0HCmiEUZ8+yunY=,3B
7bb219f0-a020-11ec-9556-e1f35a3f1148.WkdXESwf3tQOvi3VOlUn7ViN2gG2,2JDUJzxLHAJZr0qAsXlntIpKpwhstXGFAS/x8P5hcB8=,3B
1f4aa860-9f96-11ec-aef9-65678a65b733.aLEPnqGbQSUZ7EDgo8q1kVpjpnJ3,6g8hkNhhoZk1MM0+3LNgeLj1aeArL44j3MvX9ZRoND0=,1
393d72b0-a140-11ec-9d82-3758f9bde839.iwIYovU6LLTmwhFkSR3StPNuWn22,iRePTkCbSDGHXNIr0tFILtdOu6s7URXyMAcHkQknbgI=,3A
2bc7ffe0-9e81-11ec-93a4-3b06f9583e7b.SViEQwrweyUTttejB8Vp60sx3IG3,o+h71nrEltqcHGYd3wTX++AZwonuMiEgRY28L5H9xyI=,1
97be7890-a021-11ec-9556-e1f35a3f1148.k3z5Da4DZBNVQLDezpcX6vjDyBJ2,VfJrDTlHqI7uZzycN/XZYEMgHFg6cTi5O/epAzFd0FI=,3A
f7403c20-9e7f-11ec-872b-ed38694bee4a.4olhoHXNAaZrs5HaPwx5zUyPBHL2,lT+oEufhQ4YstWTqSiYmBXSdIqQUl3ddS3SqXiSz1XA=,1
2bc7ffe0-9e81-11ec-93a4-3b06f9583e7b.RMahWiIlRfPA46jrjXhi9FyHuIm1,tBIcAlbC495FaxdLVTrDofodGvsKkJeQQ2dFX20+0lw=,1
1d24caf0-a132-11ec-aec4-ab64a57f41b0.eJwTO8CRwsPji1IBmKGiSfN7MWD3,is6q9UD37Y71j6wvsCf2pBvq/UJTQnj7pZtwYjVSPnY=,3B
fb6908d0-9e80-11ec-93a4-3b06f9583e7b.IRjWfG9dC5ayi8ZA15W73xGr9UN2,0bZqaBxaqrJi/o1HIRxv/6FFqKD1HhF9J2jhWpotIF4=,2B
f8aa4c40-a118-11ec-aec4-ab64a57f41b0.gZ55Ia6EHXXa925FFcyu5WKrYcl1,b9dkdaF6bA01FEvYQXg9rqIWgq9GRNOLRo4zVzJ4hR0=,1
ce3e2c30-a058-11ec-b395-a7bf5616be76.3Iv538oLAMOtXo6KFnHcNXfChQR2,RCYYEpx37fDvwB3n90q0QvV6QOm+QXASTu0/gpd/dWw=,2A
0746a270-a020-11ec-9556-e1f35a3f1148.7aUZkN6cH7MQlsrlqNzHLIXUYJT2,eJ4PR6Fagtg6QJaEiPW5mRZPW4Su60Z/Fo5zf9s+NCw=,3A
a4835c80-a021-11ec-9556-e1f35a3f1148.DBaaheMQqEPEdn7msMEA4MHTMgg2,1SgjJERnQow9YEtQmLCYco6//I15zb0TspmEMAv6LxQ=,3B
22387e60-9e76-11ec-90c4-51fbf70af713.q7oNmVkMSsOYm1EZe0RtqAl3Y8m2,IeGNbg+yrkMN6+BytZU+wfQqHxdSGB41HpO+e/7F0E4=,1
f8aa4c40-a118-11ec-aec4-ab64a57f41b0.0gEBYkvbLZT6g0ZNIBp28GpylB13,GiWfUEUz7DxxsWV63IqoNMPtnm4+krzYchpGBy0LtHQ=,1
f8aa4c40-a118-11ec-aec4-ab64a57f41b0.S3vGm5s5lOfiAJGiZ2MLLq1oqct1,MpRy7geA9ZK0ZxeBuHCrBAmF8iiYMP66NcMFIb5S5h8=,1
26a8ec50-9e80-11ec-872b-ed38694bee4a.Llyt2b9ObYSSMjoBYU1u7MlUsW62,KXUUBysdX2bsh2Wl2h3t6gEuP/2VF0HCmiEUZ8+yunY=,2B
2479ea50-a020-11ec-9556-e1f35a3f1148.8cCknwWkzpOCdlcDMa9BtY6Kg263,ExgZyjLPcmsMzpfRpdz0vNhDncO+xpcaMB9ENIbj1h0=,3B
26a8ec50-9e80-11ec-872b-ed38694bee4a.Toli7AKdmRMEncNzHGVcsUsVeCG2,cxgTaW69z7lJ5K3zBE0Y9OypoYFmG7gVJMaNPv03+RU=,2B
61e68940-a140-11ec-9d82-3758f9bde839.3bEuF7QsA4YjUCnU8req3GJu9oz1,Z20jXNWPkSGznBFo+7p+AjTlVzYfzUzoThFOMKXC8j0=,3B
0e973b60-a2e7-11ec-9b07-0160f91a7f08.mGgPStUJusUAOvMXSNKM1UfPeLI3,IeGNbg+yrkMN6+BytZU+wfQqHxdSGB41HpO+e/7F0E4=,3B
d931e110-9e80-11ec-93a4-3b06f9583e7b.3hLyoO21iEOl5RRX1NjWtPuHB6M2,z++fhJvGCK0DjUoqg99CUsnrFz2xK4UXEFsS6hyIREo=,1
5bd2bc70-9e81-11ec-93a4-3b06f9583e7b.kJj5VDg45VbTY6zN77PlK5XEgYm1,bXg5OjS0CWo8SMlxu3N3jb9X7D/e/7/ASOYpVu3ajis=,2B
f7403c20-9e7f-11ec-872b-ed38694bee4a.eiyHpGo1gHQpoWJd3uTSKcgJKMh1,pd8FksAuL8AplfsMqQrqHqxM8f1G914+aosJ00uxuws=,1
a4835c80-a021-11ec-9556-e1f35a3f1148.QQT2iooMjlPmp7aTYWALvUYV4802,QKLYDlqrI1oPj7uEy8l7cxxPWvUmEyF8aDL9cSNcaQ4=,3B
5bd2bc70-9e81-11ec-93a4-3b06f9583e7b.RQuJhJEYlOXsFGMKEpocjUdQx4A3,Nvuj0Dmm6GTGIkPmYoZwmDegLOBXXseElp8eJbqp7Fw=,2B
393d72b0-a140-11ec-9d82-3758f9bde839.gAqtb4ojEAYIDkQitM32jpEQgvi1,GUPn9TOYS6ZsZIHlC07ToFDuvez0vvnl9a7pvjUBeUI=,3A
26a8ec50-9e80-11ec-872b-ed38694bee4a.DChtZ1ummoSZC6VA6OmEyygXdeF2,zDm2VT7yQ3pIBGmStgP3Sxr0IjTD+7kM6PljHeBWShk=,2B
2479ea50-a020-11ec-9556-e1f35a3f1148.Ma3kvYlQd8RpkGhLhWUtGfx4D4H3,Izho2TY1XVXYkjE5VfDskDf5jjJZyHcocRVhcyRIHAY=,3B
ed235140-9e80-11ec-93a4-3b06f9583e7b.Ss2hCWGqcEeQycQwr6Y5DbGBjP03,GM9a7LY8NeV6HLYgWTzMTxFIuDOXDkXBxs/bwrYd3zE=,2A
7bb219f0-a020-11ec-9556-e1f35a3f1148.pAHBVpSxCGhvw0oQXUQ5au1TTkT2,pL6i7Apu5oXMzaHMBy6Qh24kmw7E3+6Tmmm42SuC4AE=,3A
fad1a6a0-9e87-11ec-8527-116052bec2e0.mGgPStUJusUAOvMXSNKM1UfPeLI3,IeGNbg+yrkMN6+BytZU+wfQqHxdSGB41HpO+e/7F0E4=,1
d931e110-9e80-11ec-93a4-3b06f9583e7b.MU9SZjV71eRByCl2lUo5MrZFk3T2,rhZq7HEoArpktnHej+Gt7jdBb34QuWC04vpWLB4NSkg=,1
ce3e2c30-a058-11ec-b395-a7bf5616be76.w57lACAtzRbapO2yMF2cEOaxLgY2,GzT/qbjMxKZBOQN76vL3y8vt4ht8wb6d0QLskCkb81A=,2A
2bc7ffe0-9e81-11ec-93a4-3b06f9583e7b.EavWqhH7uhP9utDxa4npQnSnrM22,mDSjjKd2av9lNaB0/AUhnnAVn5/k6vXGX4P4gHeDiQM=,1
26a8ec50-9e80-11ec-872b-ed38694bee4a.jXAs1rOGQsefaH6pzbX1ySj3fqG2,aGivYTlpwrfYfO5NWSXgfLSkHehMtLp14ttK6bAmOnI=,2B
eb026910-a11d-11ec-aec4-ab64a57f41b0.X86rX5ghzDX3QzWc1MaP4R95dHr2,wPrrqhpPmPLOm3i4eybbGlJQjy9Wk4fhJJbO0PUfERs=,2B
2bc7ffe0-9e81-11ec-93a4-3b06f9583e7b.A8iiUpDWp7a3F44LAmna2BOxoHr2,gau4v8rFnz8TCYW04c/4nTq9s2YlNXOHY4Ljci8LwVI=,1
97be7890-a021-11ec-9556-e1f35a3f1148.rMcMLR0r4WO7WJbAeDO9XRbjtSD3,1nWKVhb5t3eTUVgJz4+puWk9UxuA6Q87QXirErGosQk=,3A
5bd2bc70-9e81-11ec-93a4-3b06f9583e7b.fWs0xjRSB1RivRGEHIGHt0Vk5A42,zcW38sTxBaBFb9pBi4EQ8W5WEMzZpG71y6igQm/GLhU=,2B
97be7890-a021-11ec-9556-e1f35a3f1148.53crXJd4aLQX6yjCVtqQwOox2qo2,fZF5WMHrQTsHe066bpFEPJEu8LaXMXafREyJ61NOB0c=,3A
4eec6dd0-9e81-11ec-93a4-3b06f9583e7b.zNsRrGQSFiUmr27oN2j5KrnDGAx1,wHGfh8lHjkhwsqjAoeXJchu2qF0QTgIuRHG6pLQoYU4=,2A
5bd2bc70-9e81-11ec-93a4-3b06f9583e7b.9J3iuAoEmGVqBO4VEuJ8cXB2Plv2,BVkDcZFtuFVbUEWEQLw/uqhHIjR1jwEA7oaF/bhviFE=,2B
0c698380-a377-11ec-9282-3b30ef53f779.s7gYl57pGhVNcbAVkC0vTnA0vRp2,IaupTAsV/C23b0J+fdKoPxtXwiDogNJaUSiSH/PU/xw=,3A
0f693b80-9e80-11ec-872b-ed38694bee4a.g0HzFTIYPgSw5SBf2jn9URxKO9H2,pZvzc7K5S1XNyrSQpHY1HgcNriO90gOuuINI6bYrf2U=,2A
2bc7ffe0-9e81-11ec-93a4-3b06f9583e7b.fWs0xjRSB1RivRGEHIGHt0Vk5A42,zcW38sTxBaBFb9pBi4EQ8W5WEMzZpG71y6igQm/GLhU=,1
d931e110-9e80-11ec-93a4-3b06f9583e7b.7K5wDFPGR5OuzdJINkQsmqS4kdg1,J/T4IoqkrZZof2zvPKXMc934CO2AjSzwfjiuZzNojCU=,1
61e68940-a140-11ec-9d82-3758f9bde839.0C4nARGnjjYCKATUPcWqvyYkJAo1,fyVkgetQfqkNtkHcR3HjZIhJQelEKpNVbIRq6or6OnU=,3B
26a8ec50-9e80-11ec-872b-ed38694bee4a.PUYIXDQDCUagyvee2nBqgO90rgq1,3xEc1uEM+l3vSIfOL74qfxiWu/FXCtzy+3PXsWzd0Wc=,2B
1a2b9c20-a056-11ec-9670-dd492cb81acc.B1bOpmJdvCaCWEN3SYSQxJnhSUH2,vXWKUco2CG/i9QoZcGmlJREnfCOtvUF0U8xhPp/Y5zw=,1
57249bf0-a2da-11ec-8d06-ab4c24377155.DpOetnk2txbsE4cVRsdzILviM1i1,gK9od+J2PjTdGJ1v4EeVQICwmFNwdIISzqYGJN3NVGo=,3B
2bc7ffe0-9e81-11ec-93a4-3b06f9583e7b.eoKSH0fUGSewCfwtFo3WoBr8qQu1,zkJglgtVdPE5iJ/PvLHCkJhbrIXgo3Zkm3nWZZjP1Hw=,1
2bc7ffe0-9e81-11ec-93a4-3b06f9583e7b.KIrHzy0M3MSa8U7uorNmhhGnZCo2,1nWKVhb5t3eTUVgJz4+puWk9UxuA6Q87QXirErGosQk=,1
26a8ec50-9e80-11ec-872b-ed38694bee4a.8cCknwWkzpOCdlcDMa9BtY6Kg263,ExgZyjLPcmsMzpfRpdz0vNhDncO+xpcaMB9ENIbj1h0=,2B
ed235140-9e80-11ec-93a4-3b06f9583e7b.VroXEbTOYlMOH3Ag5sAgy6lTVqD2,pL6i7Apu5oXMzaHMBy6Qh24kmw7E3+6Tmmm42SuC4AE=,2A
ed235140-9e80-11ec-93a4-3b06f9583e7b.FOIwTMLEa8SvrDcbQs9Vxx7SiHV2,dhZAhHbimTQ4pt3mVp3refpdsDnPuJMgxH8ZPokCDGg=,2A
5bd2bc70-9e81-11ec-93a4-3b06f9583e7b.SViEQwrweyUTttejB8Vp60sx3IG3,o+h71nrEltqcHGYd3wTX++AZwonuMiEgRY28L5H9xyI=,2B
0f693b80-9e80-11ec-872b-ed38694bee4a.7aUZkN6cH7MQlsrlqNzHLIXUYJT2,eJ4PR6Fagtg6QJaEiPW5mRZPW4Su60Z/Fo5zf9s+NCw=,2A
65f45821-a2e7-11ec-a405-81b0a45c584c.mGgPStUJusUAOvMXSNKM1UfPeLI3,IeGNbg+yrkMN6+BytZU+wfQqHxdSGB41HpO+e/7F0E4=,3B
a4835c80-a021-11ec-9556-e1f35a3f1148.ADKxEN0zJrSvJ4obwBv22jcrqej1,zcW38sTxBaBFb9pBi4EQ8W5WEMzZpG71y6igQm/GLhU=,3B
2bc7ffe0-9e81-11ec-93a4-3b06f9583e7b.ovid3EJGqlSOwl2dttSx50Etssn2,avBFNZbpf1PzL0Zn2vE1hKMg5EODpWcIhHvHg7HnS3Q=,1
26a8ec50-9e80-11ec-872b-ed38694bee4a.Ay5qsCNts9VP8agwvrdvTLjOtXg1,6po/cpXOf+jPeky8izzp8dEznez3k0OV/+iflirqyS0=,2B
0746a270-a020-11ec-9556-e1f35a3f1148.4olhoHXNAaZrs5HaPwx5zUyPBHL2,lT+oEufhQ4YstWTqSiYmBXSdIqQUl3ddS3SqXiSz1XA=,3A
fb6908d0-9e80-11ec-93a4-3b06f9583e7b.MsccUJ7BaleYLwo8aJTjGnyJdSA3,dsfXm+li7UWu4g/F2W1ucYW9HpBWqW7AonYXk+8DOSA=,2B
d931e110-9e80-11ec-93a4-3b06f9583e7b.VroXEbTOYlMOH3Ag5sAgy6lTVqD2,pL6i7Apu5oXMzaHMBy6Qh24kmw7E3+6Tmmm42SuC4AE=,1
0f693b80-9e80-11ec-872b-ed38694bee4a.Fm6VwEf4pic07dDmhtjtBJqAwbV2,ZW+wD5VC8tR7rjGA1Z3Fa+31KXEfCsa0HTlOjZw3G30=,2A
fb6908d0-9e80-11ec-93a4-3b06f9583e7b.eaxNdXCYcJQM2OOQkdFqDPGNRZe2,A3I5zFFUbDJ5fIn2UfJqPBOBKWxUNmQ4KVZWNN8rGQM=,2B
ed235140-9e80-11ec-93a4-3b06f9583e7b.7K5wDFPGR5OuzdJINkQsmqS4kdg1,J/T4IoqkrZZof2zvPKXMc934CO2AjSzwfjiuZzNojCU=,2A
1f3eb6e0-a059-11ec-b395-a7bf5616be76.VjsbmdPGxvOJziBwXr0jFWZWvC23,bFKW/IY1xfpoW0KnptYOW0nxMRpfpKdtQ3OmDewRU0Y=,2B
7bb219f0-a020-11ec-9556-e1f35a3f1148.IRjWfG9dC5ayi8ZA15W73xGr9UN2,0bZqaBxaqrJi/o1HIRxv/6FFqKD1HhF9J2jhWpotIF4=,3A
b1fc5090-a055-11ec-95d2-9fe709fe5896.iwIYovU6LLTmwhFkSR3StPNuWn22,iRePTkCbSDGHXNIr0tFILtdOu6s7URXyMAcHkQknbgI=,2A
810131f0-9ed3-11ec-a7c7-ed7aee5058dd.OruUl9KYxVckGfjKglJQTeiHPRW2,V9D9fv9SLshz3klRHLXwE0WNW4MmIxT2+swxgbPDoWI=,1
2bc7ffe0-9e81-11ec-93a4-3b06f9583e7b.W1h57iYprsUx9SZHoePwzfAEUiC3,G3/1fjPcDGFM9/DFadbbrK9QnxurV9CRTXjS2kzWLn0=,1
d931e110-9e80-11ec-93a4-3b06f9583e7b.Ss2hCWGqcEeQycQwr6Y5DbGBjP03,GM9a7LY8NeV6HLYgWTzMTxFIuDOXDkXBxs/bwrYd3zE=,1
90f711c0-a058-11ec-b395-a7bf5616be76.OszZqr8RNOR5QDfd7lVsVijKPT83,ZBqEfUswqSSxZKEyGKvnzZlcDP6j7dfoCKqM6WMEACw=,1
1d24caf0-a132-11ec-aec4-ab64a57f41b0.i4piNXKKzienKJdQ4GV2dADQsiD2,U7WJLiyurUfkX4347DVknU2zNWFCnJ5V/dawyc1FQG8=,3B
f7403c20-9e7f-11ec-872b-ed38694bee4a.PUYIXDQDCUagyvee2nBqgO90rgq1,3xEc1uEM+l3vSIfOL74qfxiWu/FXCtzy+3PXsWzd0Wc=,1
a4835c80-a021-11ec-9556-e1f35a3f1148.E4HyCV4Q4ZfDsgIqib2rbhSH8EF3,G8L4t2MEaelOVGCyB0pYLbNxE3LTudhGaQ58+gfalRA=,3B
f7403c20-9e7f-11ec-872b-ed38694bee4a.Llyt2b9ObYSSMjoBYU1u7MlUsW62,KXUUBysdX2bsh2Wl2h3t6gEuP/2VF0HCmiEUZ8+yunY=,1
88939b80-9ffd-11ec-a491-2b30dc9f5b83.mGgPStUJusUAOvMXSNKM1UfPeLI3,IeGNbg+yrkMN6+BytZU+wfQqHxdSGB41HpO+e/7F0E4=,2B
eb026910-a11d-11ec-aec4-ab64a57f41b0.xHug3KhAPkOHDoIgDXXsiFcpLUu2,eSD8Q3fOIzsSCaRJ0MdMFlAWhFQ6pha+A9s9fdIj+gg=,2B
bbd27c20-a11d-11ec-aec4-ab64a57f41b0.ucRjrnt2e4WrJYnoVuAEaBZInrr1,Y30oQBS+06+PYSHp7runLKyyZtqfPnmNO1N+sDOqlTQ=,2A
9f4ed830-a36d-11ec-8eae-ed1e671b53ab.H8jY4J9Z7fU5qyiwsLq2UEGNbcm1,fP+AbdDbo+Moa53qPqeUV4JvnM2rrcVLigptIeOD/l4=,3B
26a8ec50-9e80-11ec-872b-ed38694bee4a.FUstCytjihRRzCDpSQ8zEnituGW2,6s4q+BaiL5aAyq05fOJ4/I36jlhPqy252nqoiQms+Ec=,2B
eb026910-a11d-11ec-aec4-ab64a57f41b0.DxfDGeOf2FMhn0HGUlSP0TKWBv03,FWsvruyH52o/4MBhVUKPad7SJVIjRax8bGgpdijLHwo=,2B
26a8ec50-9e80-11ec-872b-ed38694bee4a.CKJIVycTr5eqga0cpAdIMdy59ih2,pZvzc7K5S1XNyrSQpHY1HgcNriO90gOuuINI6bYrf2U=,2B
90f711c0-a058-11ec-b395-a7bf5616be76.Uh6YvPAZXkZVgqYG5YdCWUSdL4q2,m4mCUGffpt5u0iRaTYa2SJfp4hZ9Ca1e6eCqxbmrOxM=,1
ed235140-9e80-11ec-93a4-3b06f9583e7b.BaPmLNd2AcT7J4wR2dXPJJNoiC32,ZnAcvnhxmKupj3pPVgHZqz0ba4FsTviPsJ02ROp6Rg0=,2A
f94164f6-a2dc-11ec-bf6c-93ce512e2f2e.DpOetnk2txbsE4cVRsdzILviM1i1,gK9od+J2PjTdGJ1v4EeVQICwmFNwdIISzqYGJN3NVGo=,2A
bbd27c20-a11d-11ec-aec4-ab64a57f41b0.oQgWaxykm9elnwG2VAiJTqJgScU2,+I6Lm2xSDwLNUdS7McSqmSZ83rgMWLhYQXDWw6rfIUg=,2A
f8aa4c40-a118-11ec-aec4-ab64a57f41b0.DxfDGeOf2FMhn0HGUlSP0TKWBv03,FWsvruyH52o/4MBhVUKPad7SJVIjRax8bGgpdijLHwo=,1
d931e110-9e80-11ec-93a4-3b06f9583e7b.XnbUNl97Gzdt2rvbIIYA2KCBMyq1,hAi4UT2YQCdvd/HuWxwgwjVc3ux77bHu0EqKuHpJKFg=,1
f8aa4c40-a118-11ec-aec4-ab64a57f41b0.Nwk6drdr6wSBOLRcAtpPgxcgcHi1,wPrrqhpPmPLOm3i4eybbGlJQjy9Wk4fhJJbO0PUfERs=,1
d4678e2e-a281-11ec-979e-d1c710b1a338.mGgPStUJusUAOvMXSNKM1UfPeLI3,IeGNbg+yrkMN6+BytZU+wfQqHxdSGB41HpO+e/7F0E4=,3B
2479ea50-a020-11ec-9556-e1f35a3f1148.eAf0pdBUmQd5uieasyl3SJ0xjmg2,qzykSTetboSusSQA+oATx24aTW/OZpaG1YXuoTgYOHw=,3B
2bc7ffe0-9e81-11ec-93a4-3b06f9583e7b.rMcMLR0r4WO7WJbAeDO9XRbjtSD3,1nWKVhb5t3eTUVgJz4+puWk9UxuA6Q87QXirErGosQk=,1
a3ec8d20-9e94-11ec-91ff-a3622fb5df12.mGgPStUJusUAOvMXSNKM1UfPeLI3,IeGNbg+yrkMN6+BytZU+wfQqHxdSGB41HpO+e/7F0E4=,2B
d931e110-9e80-11ec-93a4-3b06f9583e7b.BaPmLNd2AcT7J4wR2dXPJJNoiC32,ZnAcvnhxmKupj3pPVgHZqz0ba4FsTviPsJ02ROp6Rg0=,1
61e68940-a140-11ec-9d82-3758f9bde839.OruUl9KYxVckGfjKglJQTeiHPRW2,V9D9fv9SLshz3klRHLXwE0WNW4MmIxT2+swxgbPDoWI=,3B
5bd2bc70-9e81-11ec-93a4-3b06f9583e7b.BXvedPAtNQcWM8CR9E6NXKchlq32,1SgjJERnQow9YEtQmLCYco6//I15zb0TspmEMAv6LxQ=,2B
90f711c0-a058-11ec-b395-a7bf5616be76.EjUmgeIUI4g0W7Lz1LkvThVoyCI2,ZOJa4Bv/h8HvkKlNI1iPI81avSyuXG3emGv5Vr71gTE=,1
d931e110-9e80-11ec-93a4-3b06f9583e7b.XDvmY6l5s7g1IpJi0LoJqPXDCXL2,J/T4IoqkrZZof2zvPKXMc934CO2AjSzwfjiuZzNojCU=,1
2479ea50-a020-11ec-9556-e1f35a3f1148.YC8mZo8htGgtrdUkkhhHpymGISQ2,GoATGsaPPe7ZDB0jJBY8pA0jBIIh6VZOtVP0sJRPdEs=,3B
bbd27c20-a11d-11ec-aec4-ab64a57f41b0.Nwk6drdr6wSBOLRcAtpPgxcgcHi1,wPrrqhpPmPLOm3i4eybbGlJQjy9Wk4fhJJbO0PUfERs=,2A
11e23650-9e76-11ec-90c4-51fbf70af713.q7oNmVkMSsOYm1EZe0RtqAl3Y8m2,IeGNbg+yrkMN6+BytZU+wfQqHxdSGB41HpO+e/7F0E4=,2B
f7403c20-9e7f-11ec-872b-ed38694bee4a.ndSIaWpTsYYcnQrZiT6ZzlnnTkW2,aGivYTlpwrfYfO5NWSXgfLSkHehMtLp14ttK6bAmOnI=,1
2bc7ffe0-9e81-11ec-93a4-3b06f9583e7b.EEkibmWN2gYhGKcQF6VB6sdCdnS2,+EIBAvzNzZ9JHmqlY2usTLt6sk+JpU4l7Drkz+VIsTk=,1
0746a270-a020-11ec-9556-e1f35a3f1148.MJ1PqUDSQBOdEjrBc42URNCzmzc2,hsKZydS9bRKFHgK8FibwlkY/BQupVOktC+PW48gGUko=,3A
eb026910-a11d-11ec-aec4-ab64a57f41b0.t3B0lrjflMc6pRUmimfYr5ix35M2,udBd048HSQfTY63lVwVabs2sEbvkiipe4A5cKEfYqDo=,2B
5bd2bc70-9e81-11ec-93a4-3b06f9583e7b.W1h57iYprsUx9SZHoePwzfAEUiC3,G3/1fjPcDGFM9/DFadbbrK9QnxurV9CRTXjS2kzWLn0=,2B
8b3cfbb0-a020-11ec-9556-e1f35a3f1148.eaxNdXCYcJQM2OOQkdFqDPGNRZe2,A3I5zFFUbDJ5fIn2UfJqPBOBKWxUNmQ4KVZWNN8rGQM=,3B
0746a270-a020-11ec-9556-e1f35a3f1148.HRysvfCGM3SG6KV4EYWhVRnRwdA2,bVhcKKas8nmPSDV+PQRsv/rW/mbo2viY1J+Llt7V4TQ=,3A
d931e110-9e80-11ec-93a4-3b06f9583e7b.WkdXESwf3tQOvi3VOlUn7ViN2gG2,2JDUJzxLHAJZr0qAsXlntIpKpwhstXGFAS/x8P5hcB8=,1
2479ea50-a020-11ec-9556-e1f35a3f1148.PUYIXDQDCUagyvee2nBqgO90rgq1,3xEc1uEM+l3vSIfOL74qfxiWu/FXCtzy+3PXsWzd0Wc=,3B
d931e110-9e80-11ec-93a4-3b06f9583e7b.QLHFzZoY11cSXPhqZCafw9OsaNU2,9eE9EqiUzVj3jdGOYA/tQ/iKAhuFSAVn23nJf3+GoXw=,1
4eec6dd0-9e81-11ec-93a4-3b06f9583e7b.53crXJd4aLQX6yjCVtqQwOox2qo2,fZF5WMHrQTsHe066bpFEPJEu8LaXMXafREyJ61NOB0c=,2A
90f711c0-a058-11ec-b395-a7bf5616be76.pgss6mW4tYXNsDkvgz9NfpFEEAs1,U7WJLiyurUfkX4347DVknU2zNWFCnJ5V/dawyc1FQG8=,1
88939b80-9ffd-11ec-a491-2b30dc9f5b83.8ep9w5QhKOdX11hbieohKB6cQAz2,gK9od+J2PjTdGJ1v4EeVQICwmFNwdIISzqYGJN3NVGo=,2B
d931e110-9e80-11ec-93a4-3b06f9583e7b.7dOzG1vMu0ecgyvLrhHPkOpPaWs2,Ve99kAxlRP3PSbayUMHourTdk+rUUA+zgGPmvwQbOCw=,1
7bb219f0-a020-11ec-9556-e1f35a3f1148.7dOzG1vMu0ecgyvLrhHPkOpPaWs2,Ve99kAxlRP3PSbayUMHourTdk+rUUA+zgGPmvwQbOCw=,3A
f8aa4c40-a118-11ec-aec4-ab64a57f41b0.9yrDtLdA9XfLVHQsG1zxw0DSM1I3,iHiRful2N1Z4AM9KFStI0fBXXWyATfkkZFeI1AEHbjk=,1
a751b420-9e73-11ec-8cc2-89ca354516ca.mGgPStUJusUAOvMXSNKM1UfPeLI3,IeGNbg+yrkMN6+BytZU+wfQqHxdSGB41HpO+e/7F0E4=,2B
90f711c0-a058-11ec-b395-a7bf5616be76.Tazxd1AfueQ3zyxK7Dsc4Kc8HS53,CWcFtMvHa8VOPsZLUyK5PptjhYKG0kBQ52NjmfwVrio=,1
f8aa4c40-a118-11ec-aec4-ab64a57f41b0.X86rX5ghzDX3QzWc1MaP4R95dHr2,jLT3jPQPhNTJIKqXfXc2dAfAlHr1WDEQTF/Gejb+rw4=,1
1f4aa860-9f96-11ec-aef9-65678a65b733.kCsNl6m3KcTUQhsSiyQ3EiObiFn1,/STtq4JiYrLwQsaO440o8QbdVrtgJVdgo5F1jYIKCmU=,1
7bb219f0-a020-11ec-9556-e1f35a3f1148.XDvmY6l5s7g1IpJi0LoJqPXDCXL2,J/T4IoqkrZZof2zvPKXMc934CO2AjSzwfjiuZzNojCU=,3A
d931e110-9e80-11ec-93a4-3b06f9583e7b.myS60F84jdNQGq16K19cVwKNn5t1,55/0GeQvYta9KHDwVnEroQriOCW25LxI69HKLl88NVE=,1
26a8ec50-9e80-11ec-872b-ed38694bee4a.eAf0pdBUmQd5uieasyl3SJ0xjmg2,qzykSTetboSusSQA+oATx24aTW/OZpaG1YXuoTgYOHw=,2B
0746a270-a020-11ec-9556-e1f35a3f1148.WZ43fjsmR0egV4pcH3TPfEE0yRz2,JeRxYJBGCOaSkcMFRRbAUS0eAmC52pGA6sy9j93HW0w=,3A
ed235140-9e80-11ec-93a4-3b06f9583e7b.7dOzG1vMu0ecgyvLrhHPkOpPaWs2,Ve99kAxlRP3PSbayUMHourTdk+rUUA+zgGPmvwQbOCw=,2A
2479ea50-a020-11ec-9556-e1f35a3f1148.s4k97pKncEO1Eit2n9bRrmGjLk02,q4bTMhFYK9JysIaPu/Glne6t49okkmCplDFt4+Lnjio=,3B
b1fc5090-a055-11ec-95d2-9fe709fe5896.OruUl9KYxVckGfjKglJQTeiHPRW2,V9D9fv9SLshz3klRHLXwE0WNW4MmIxT2+swxgbPDoWI=,2A
fb6908d0-9e80-11ec-93a4-3b06f9583e7b.G5foxBkMdufCLKFsonm6uUnnhpI2,K/Mo/+s6YkB0qaHaApHHtAiF76eaWEH2G2GUkDHNv20=,2B
4eec6dd0-9e81-11ec-93a4-3b06f9583e7b.k3z5Da4DZBNVQLDezpcX6vjDyBJ2,VfJrDTlHqI7uZzycN/XZYEMgHFg6cTi5O/epAzFd0FI=,2A
3eabfb20-a057-11ec-95d2-9fe709fe5896.gAqtb4ojEAYIDkQitM32jpEQgvi1,GUPn9TOYS6ZsZIHlC07ToFDuvez0vvnl9a7pvjUBeUI=,2B
ecc67020-a131-11ec-aec4-ab64a57f41b0.DbT4GcMDgLUdnPPiVI9MgNUa5OO2,m4mCUGffpt5u0iRaTYa2SJfp4hZ9Ca1e6eCqxbmrOxM=,3A
810131f0-9ed3-11ec-a7c7-ed7aee5058dd.3bEuF7QsA4YjUCnU8req3GJu9oz1,Z20jXNWPkSGznBFo+7p+AjTlVzYfzUzoThFOMKXC8j0=,1
26a8ec50-9e80-11ec-872b-ed38694bee4a.YC8mZo8htGgtrdUkkhhHpymGISQ2,GoATGsaPPe7ZDB0jJBY8pA0jBIIh6VZOtVP0sJRPdEs=,2B
2bc7ffe0-9e81-11ec-93a4-3b06f9583e7b.CHBLPBSFijgd2BwoDVuHoE0ANn23,fb1Z7lgnkuRhZU7cVPcz9kO5gFhBoi+IMNxRK8+ol34=,1
5bd2bc70-9e81-11ec-93a4-3b06f9583e7b.uqUlbkejUiPMRpf20P6kwzksEFX2,vsa2/WR0DSIwu5icfCRfN6xFHknfajIBUo44EtFpDkA=,2B
b1fc5090-a055-11ec-95d2-9fe709fe5896.3bEuF7QsA4YjUCnU8req3GJu9oz1,Z20jXNWPkSGznBFo+7p+AjTlVzYfzUzoThFOMKXC8j0=,2A
a4835c80-a021-11ec-9556-e1f35a3f1148.CHBLPBSFijgd2BwoDVuHoE0ANn23,fb1Z7lgnkuRhZU7cVPcz9kO5gFhBoi+IMNxRK8+ol34=,3B
4a94e370-a377-11ec-9282-3b30ef53f779.qtBgu8314Lc6SwFGTiAbUNiFTuH2,CBVLAGLoScxzK64Hq+J3knV13C/D88f+LjddRiFaBB0=,3B
e527f6a0-a01d-11ec-955e-b928c77ad3a1.DpOetnk2txbsE4cVRsdzILviM1i1,gK9od+J2PjTdGJ1v4EeVQICwmFNwdIISzqYGJN3NVGo=,3B
ce3e2c30-a058-11ec-b395-a7bf5616be76.JzhbI7OrCoN8oWqChIQPDoCQW9d2,CWcFtMvHa8VOPsZLUyK5PptjhYKG0kBQ52NjmfwVrio=,2A
1f3eb6e0-a059-11ec-b395-a7bf5616be76.OszZqr8RNOR5QDfd7lVsVijKPT83,ZBqEfUswqSSxZKEyGKvnzZlcDP6j7dfoCKqM6WMEACw=,2B
eb026910-a11d-11ec-aec4-ab64a57f41b0.NxJIYBibABS7RVCoPuBhfNypFh32,ask0BLrqJ5/jolF+CzzDR885bgO2lsx4mqgEpUJmol4=,2B
0746a270-a020-11ec-9556-e1f35a3f1148.eiyHpGo1gHQpoWJd3uTSKcgJKMh1,pd8FksAuL8AplfsMqQrqHqxM8f1G914+aosJ00uxuws=,3A
0f693b80-9e80-11ec-872b-ed38694bee4a.4olhoHXNAaZrs5HaPwx5zUyPBHL2,lT+oEufhQ4YstWTqSiYmBXSdIqQUl3ddS3SqXiSz1XA=,2A
ecc67020-a131-11ec-aec4-ab64a57f41b0.3Iv538oLAMOtXo6KFnHcNXfChQR2,RCYYEpx37fDvwB3n90q0QvV6QOm+QXASTu0/gpd/dWw=,3A
6894a340-a12b-11ec-a706-151592d11e23.iMywTsDQCLQjrDP6BY3AhoadHMu1,65X0C/KtrbJOvAG7sOekEzWYBI9ErnLQoMBvI/WPWXA=,2A
4eec6dd0-9e81-11ec-93a4-3b06f9583e7b.nYa2PhA7raQ5BSYJoRG0JoDAeAb2,+EIBAvzNzZ9JHmqlY2usTLt6sk+JpU4l7Drkz+VIsTk=,2A
e527f6a0-a01d-11ec-955e-b928c77ad3a1.mGgPStUJusUAOvMXSNKM1UfPeLI3,IeGNbg+yrkMN6+BytZU+wfQqHxdSGB41HpO+e/7F0E4=,3B
4eec6dd0-9e81-11ec-93a4-3b06f9583e7b.EEkibmWN2gYhGKcQF6VB6sdCdnS2,+EIBAvzNzZ9JHmqlY2usTLt6sk+JpU4l7Drkz+VIsTk=,2A
749223e0-a36d-11ec-8eae-ed1e671b53ab.H8jY4J9Z7fU5qyiwsLq2UEGNbcm1,fP+AbdDbo+Moa53qPqeUV4JvnM2rrcVLigptIeOD/l4=,1
f8aa4c40-a118-11ec-aec4-ab64a57f41b0.zd21cpkhELTrjJFjVI7O90HYjpy2,sJlKerecpd9PpHatZ9DoxzoUJodDjBYssYJ01esFeG4=,1
f7403c20-9e7f-11ec-872b-ed38694bee4a.Ay5qsCNts9VP8agwvrdvTLjOtXg1,6po/cpXOf+jPeky8izzp8dEznez3k0OV/+iflirqyS0=,1
2bc7ffe0-9e81-11ec-93a4-3b06f9583e7b.QQT2iooMjlPmp7aTYWALvUYV4802,QKLYDlqrI1oPj7uEy8l7cxxPWvUmEyF8aDL9cSNcaQ4=,1
4eec6dd0-9e81-11ec-93a4-3b06f9583e7b.2zzS8oO5Tgbsmf4qSBu4byIyDPH3,23pCP8qlkOQS2otyaYbz5eFfRc1HBu1+nXdfEpp3/A8=,2A
3358a620-9e76-11ec-90c4-51fbf70af713.q7oNmVkMSsOYm1EZe0RtqAl3Y8m2,gK9od+J2PjTdGJ1v4EeVQICwmFNwdIISzqYGJN3NVGo=,2B
0cb57e50-a27f-11ec-85bb-31accd64935f.mGgPStUJusUAOvMXSNKM1UfPeLI3,IeGNbg+yrkMN6+BytZU+wfQqHxdSGB41HpO+e/7F0E4=,3A
f8aa4c40-a118-11ec-aec4-ab64a57f41b0.xHug3KhAPkOHDoIgDXXsiFcpLUu2,eSD8Q3fOIzsSCaRJ0MdMFlAWhFQ6pha+A9s9fdIj+gg=,1
b1fc5090-a055-11ec-95d2-9fe709fe5896.0C4nARGnjjYCKATUPcWqvyYkJAo1,fyVkgetQfqkNtkHcR3HjZIhJQelEKpNVbIRq6or6OnU=,2A
f8aa4c40-a118-11ec-aec4-ab64a57f41b0.rUEq04g0g4UQGVOb2JNa3vev2xO2,UfSZCHM4L3bImA51yCaiA59LFLhk8VWVX2+nOBcBqiU=,1
1f3eb6e0-a059-11ec-b395-a7bf5616be76.pgss6mW4tYXNsDkvgz9NfpFEEAs1,U7WJLiyurUfkX4347DVknU2zNWFCnJ5V/dawyc1FQG8=,2B
810131f0-9ed3-11ec-a7c7-ed7aee5058dd.mALgiD5WuXPc8U8ER1z02ru7Ro72,qQL/ahTSTVjyQPbDg/O+0MsA1Xl7q3cQOG/YqpbiwV8=,1
f8aa4c40-a118-11ec-aec4-ab64a57f41b0.s0RFLHQjuFS62tnBMI7GJPIEfDP2,4CF8rGOv0r9EYizKB/9RyuAmKwU9E3EagjqOSxoGNhM=,1
97be7890-a021-11ec-9556-e1f35a3f1148.JrHIycn8a7OOaaRj6Kgi22eIZsf2,PqSJRP3oCCfabfRf3zVKKQdRE++TQgxZatIarmo9mxg=,3A
f7403c20-9e7f-11ec-872b-ed38694bee4a.Toli7AKdmRMEncNzHGVcsUsVeCG2,cxgTaW69z7lJ5K3zBE0Y9OypoYFmG7gVJMaNPv03+RU=,1
90f711c0-a058-11ec-b395-a7bf5616be76.eJwTO8CRwsPji1IBmKGiSfN7MWD3,is6q9UD37Y71j6wvsCf2pBvq/UJTQnj7pZtwYjVSPnY=,1
fb6908d0-9e80-11ec-93a4-3b06f9583e7b.QLHFzZoY11cSXPhqZCafw9OsaNU2,9eE9EqiUzVj3jdGOYA/tQ/iKAhuFSAVn23nJf3+GoXw=,2B
bbd27c20-a11d-11ec-aec4-ab64a57f41b0.v65IJTuIkMRsi2SvnFuWlcU7XYq1,f0SNcX3wBKGz8ZTdJ1J1piOJppmkYDVdf+aE0mfgthY=,2A
4a94e370-a377-11ec-9282-3b30ef53f779.iMywTsDQCLQjrDP6BY3AhoadHMu1,65X0C/KtrbJOvAG7sOekEzWYBI9ErnLQoMBvI/WPWXA=,3B
1f4aa860-9f96-11ec-aef9-65678a65b733.4VKvMvovbMOYlYMCx0MDB1FXVSV2,lfGlwa0KIIiuGAX8B/nK5y+nFJ6rihY0HW9Oq+oyhQ4=,1
26a8ec50-9e80-11ec-872b-ed38694bee4a.ndSIaWpTsYYcnQrZiT6ZzlnnTkW2,aGivYTlpwrfYfO5NWSXgfLSkHehMtLp14ttK6bAmOnI=,2B
f8aa4c40-a118-11ec-aec4-ab64a57f41b0.lWoGXzokbKdbNLfIyKNGjJT99wz1,btJqQV/GwCH12/EuqPyUJEVb8zjI9a3oRRHOvqZPt3E=,1
cba627c1-9ddd-11ec-a397-938e5045a3ad.iuwiMZx6xfQ8ukxNm7VviLUS8Gx2,fP+AbdDbo+Moa53qPqeUV4JvnM2rrcVLigptIeOD/l4=,1
1a2b9c20-a056-11ec-9670-dd492cb81acc.98xjoXaXhCYDw0bc8EMrQJlgaO12,p/NWp8p8t6WrL7Xkmxsy1tuL6u6CBcTCK7nGaBskHnM=,1
5bd2bc70-9e81-11ec-93a4-3b06f9583e7b.QQT2iooMjlPmp7aTYWALvUYV4802,QKLYDlqrI1oPj7uEy8l7cxxPWvUmEyF8aDL9cSNcaQ4=,2B
97be7890-a021-11ec-9556-e1f35a3f1148.RMahWiIlRfPA46jrjXhi9FyHuIm1,tBIcAlbC495FaxdLVTrDofodGvsKkJeQQ2dFX20+0lw=,3A
810131f0-9ed3-11ec-a7c7-ed7aee5058dd.8QZW1tWuTfXQglc0GZc8OlUIQAg2,izHMREcqsdPwgzMX+f1tNh0wh8eqKv9FmfiqjP+bvHE=,1
eb026910-a11d-11ec-aec4-ab64a57f41b0.s0RFLHQjuFS62tnBMI7GJPIEfDP2,4CF8rGOv0r9EYizKB/9RyuAmKwU9E3EagjqOSxoGNhM=,2B
3eabfb20-a057-11ec-95d2-9fe709fe5896.bxOOER6TGVc9CS2rhV9gw1oTZUE3,cpxSQ3bRY79VZuvuZfQrnjCvx2Z54dOSthR88gKKmG4=,2B
7bb219f0-a020-11ec-9556-e1f35a3f1148.FOIwTMLEa8SvrDcbQs9Vxx7SiHV2,dhZAhHbimTQ4pt3mVp3refpdsDnPuJMgxH8ZPokCDGg=,3A
d931e110-9e80-11ec-93a4-3b06f9583e7b.axVVv3UHoYgJgDYuCe9NxKyyuqg2,0bZqaBxaqrJi/o1HIRxv/6FFqKD1HhF9J2jhWpotIF4=,1
ecc67020-a131-11ec-aec4-ab64a57f41b0.BisQcVmLaWXWOv0SV5WVlJ0LF6R2,GzT/qbjMxKZBOQN76vL3y8vt4ht8wb6d0QLskCkb81A=,3A
810131f0-9ed3-11ec-a7c7-ed7aee5058dd.gAqtb4ojEAYIDkQitM32jpEQgvi1,GUPn9TOYS6ZsZIHlC07ToFDuvez0vvnl9a7pvjUBeUI=,1
0f693b80-9e80-11ec-872b-ed38694bee4a.MJ1PqUDSQBOdEjrBc42URNCzmzc2,hsKZydS9bRKFHgK8FibwlkY/BQupVOktC+PW48gGUko=,2A
5bd2bc70-9e81-11ec-93a4-3b06f9583e7b.CHBLPBSFijgd2BwoDVuHoE0ANn23,fb1Z7lgnkuRhZU7cVPcz9kO5gFhBoi+IMNxRK8+ol34=,2B
4a94e370-a377-11ec-9282-3b30ef53f779.7cmXeuWsv6gUiCBFGAinGF1HXti1,as9niiHycUtJwShQ75sqSHJ5R9JCOusgjhLIFWKZC2c=,3B
1f4aa860-9f96-11ec-aef9-65678a65b733.7cmXeuWsv6gUiCBFGAinGF1HXti1,as9niiHycUtJwShQ75sqSHJ5R9JCOusgjhLIFWKZC2c=,1
1a2b9c20-a056-11ec-9670-dd492cb81acc.zHEAdqvq9vaS6jDMYsZK5c3R2mv2,vI/CLNxQj6VK1ttq1juMVx1POWjgVcmNoCQQ7FCSA1Q=,1
a4835c80-a021-11ec-9556-e1f35a3f1148.SViEQwrweyUTttejB8Vp60sx3IG3,o+h71nrEltqcHGYd3wTX++AZwonuMiEgRY28L5H9xyI=,3B
8b3cfbb0-a020-11ec-9556-e1f35a3f1148.WuoJrq35kjfJs4eMEIHqCvpUYqC3,pQoMnbZ4IO1RNyKK2cCBs5CI3qNHoKowuhw3xaQ6oU4=,3B
ed235140-9e80-11ec-93a4-3b06f9583e7b.WkdXESwf3tQOvi3VOlUn7ViN2gG2,2JDUJzxLHAJZr0qAsXlntIpKpwhstXGFAS/x8P5hcB8=,2A
393d72b0-a140-11ec-9d82-3758f9bde839.6UhgzHIYGtetE3DlyVR1IapPYPT2,Xanp1b8qnJ5nPH7NxnSR2/FGS0eNrkevUgr1mYMn9lo=,3A
f7403c20-9e7f-11ec-872b-ed38694bee4a.CKJIVycTr5eqga0cpAdIMdy59ih2,pZvzc7K5S1XNyrSQpHY1HgcNriO90gOuuINI6bYrf2U=,1
97be7890-a021-11ec-9556-e1f35a3f1148.Tp2Ip3L2NrSqjDOaIlMXvGjODVJ3,avBFNZbpf1PzL0Zn2vE1hKMg5EODpWcIhHvHg7HnS3Q=,3A
f7403c20-9e7f-11ec-872b-ed38694bee4a.LQIv0sFfaJdfskSDj3a5nRNo3Ei1,Izho2TY1XVXYkjE5VfDskDf5jjJZyHcocRVhcyRIHAY=,1
2bc7ffe0-9e81-11ec-93a4-3b06f9583e7b.53crXJd4aLQX6yjCVtqQwOox2qo2,fZF5WMHrQTsHe066bpFEPJEu8LaXMXafREyJ61NOB0c=,1
0c698380-a377-11ec-9282-3b30ef53f779.gy6JKrl2IfgwY7GTtlQyIWA0XzU2,EfJRBMzhvlhB06JGlRReJhHVhznfGXOzNCdUlHZXilE=,3A
1f4aa860-9f96-11ec-aef9-65678a65b733.YXO9s2hEMHWMdLwRTxHTit6an292,zylmrsQyYVyyg3XvmDx+I6RImVLPQiucTywZwm+DKFQ=,1
f7403c20-9e7f-11ec-872b-ed38694bee4a.8cCknwWkzpOCdlcDMa9BtY6Kg263,ExgZyjLPcmsMzpfRpdz0vNhDncO+xpcaMB9ENIbj1h0=,1
99068610-a12b-11ec-a706-151592d11e23.s7gYl57pGhVNcbAVkC0vTnA0vRp2,IaupTAsV/C23b0J+fdKoPxtXwiDogNJaUSiSH/PU/xw=,2B
f7403c20-9e7f-11ec-872b-ed38694bee4a.HRysvfCGM3SG6KV4EYWhVRnRwdA2,bVhcKKas8nmPSDV+PQRsv/rW/mbo2viY1J+Llt7V4TQ=,1
7bb219f0-a020-11ec-9556-e1f35a3f1148.gbxOm1gUWdfHd7xQ84ihU9WqeY62,TxC9ys4VsQiWG+04OGuKyJRrstsGHs6MFxysyb9sKU8=,3A
2bc7ffe0-9e81-11ec-93a4-3b06f9583e7b.9J3iuAoEmGVqBO4VEuJ8cXB2Plv2,BVkDcZFtuFVbUEWEQLw/uqhHIjR1jwEA7oaF/bhviFE=,1
5c391b11-a010-11ec-8d82-6395e06f2311.mGgPStUJusUAOvMXSNKM1UfPeLI3,IeGNbg+yrkMN6+BytZU+wfQqHxdSGB41HpO+e/7F0E4=,1
ee2b4b00-a7fa-11ec-9df0-638a80ee79bf.69vPHJsA53Okh23NJ8tuxDNj5DU2,IeGNbg+yrkMN6+BytZU+wfQqHxdSGB41HpO+e/7F0E4=,2A
26a8ec50-9e80-11ec-872b-ed38694bee4a.s4k97pKncEO1Eit2n9bRrmGjLk02,q4bTMhFYK9JysIaPu/Glne6t49okkmCplDFt4+Lnjio=,2B
0746a270-a020-11ec-9556-e1f35a3f1148.3eJyuFUtYshsXjQRotQOd5LCfdn2,eJ4PR6Fagtg6QJaEiPW5mRZPW4Su60Z/Fo5zf9s+NCw=,3A
f8aa4c40-a118-11ec-aec4-ab64a57f41b0.v65IJTuIkMRsi2SvnFuWlcU7XYq1,f0SNcX3wBKGz8ZTdJ1J1piOJppmkYDVdf+aE0mfgthY=,1
97be7890-a021-11ec-9556-e1f35a3f1148.EEkibmWN2gYhGKcQF6VB6sdCdnS2,+EIBAvzNzZ9JHmqlY2usTLt6sk+JpU4l7Drkz+VIsTk=,3A
f8aa4c40-a118-11ec-aec4-ab64a57f41b0.t3B0lrjflMc6pRUmimfYr5ix35M2,udBd048HSQfTY63lVwVabs2sEbvkiipe4A5cKEfYqDo=,1
1f4aa860-9f96-11ec-aef9-65678a65b733.UAWlKUyNYtdF9zd4QGNIo2jZSmS2,OvUNCxF4IVcXhcSR4dcnIbTU8Vn0ni8lRXZiAY4YxgY=,1
da1261c0-9e9b-11ec-ad63-595099e38a2d.mGgPStUJusUAOvMXSNKM1UfPeLI3,IeGNbg+yrkMN6+BytZU+wfQqHxdSGB41HpO+e/7F0E4=,1
8b3cfbb0-a020-11ec-9556-e1f35a3f1148.MsccUJ7BaleYLwo8aJTjGnyJdSA3,dsfXm+li7UWu4g/F2W1ucYW9HpBWqW7AonYXk+8DOSA=,3B
fb6908d0-9e80-11ec-93a4-3b06f9583e7b.CJTU3y0ixfbqwYV8LksoFkhkhtp2,z++fhJvGCK0DjUoqg99CUsnrFz2xK4UXEFsS6hyIREo=,2B
8b3cfbb0-a020-11ec-9556-e1f35a3f1148.QLHFzZoY11cSXPhqZCafw9OsaNU2,9eE9EqiUzVj3jdGOYA/tQ/iKAhuFSAVn23nJf3+GoXw=,3B
f7403c20-9e7f-11ec-872b-ed38694bee4a.FUstCytjihRRzCDpSQ8zEnituGW2,6s4q+BaiL5aAyq05fOJ4/I36jlhPqy252nqoiQms+Ec=,1
f7403c20-9e7f-11ec-872b-ed38694bee4a.YC8mZo8htGgtrdUkkhhHpymGISQ2,GoATGsaPPe7ZDB0jJBY8pA0jBIIh6VZOtVP0sJRPdEs=,1
a4835c80-a021-11ec-9556-e1f35a3f1148.QxIJ58luvBPsxzD714yCnyfhsEY2,zkJglgtVdPE5iJ/PvLHCkJhbrIXgo3Zkm3nWZZjP1Hw=,3B
2bc7ffe0-9e81-11ec-93a4-3b06f9583e7b.XhjRaVQWOeTmc9OhHtC28OEdkjJ2,0pX3gW2KXGHBOf+jkUtF5tSEb0T4CQxz1wCOan6Kp0c=,1
d4678e2f-a281-11ec-979e-d1c710b1a338.mGgPStUJusUAOvMXSNKM1UfPeLI3,IeGNbg+yrkMN6+BytZU+wfQqHxdSGB41HpO+e/7F0E4=,3B
f8aa4c40-a118-11ec-aec4-ab64a57f41b0.NxJIYBibABS7RVCoPuBhfNypFh32,ask0BLrqJ5/jolF+CzzDR885bgO2lsx4mqgEpUJmol4=,1
2479ea50-a020-11ec-9556-e1f35a3f1148.IAPdKOoh3zS2OzP4yMcdXbObuOP2,6po/cpXOf+jPeky8izzp8dEznez3k0OV/+iflirqyS0=,3B
97be7890-a021-11ec-9556-e1f35a3f1148.2zzS8oO5Tgbsmf4qSBu4byIyDPH3,23pCP8qlkOQS2otyaYbz5eFfRc1HBu1+nXdfEpp3/A8=,3A
1d24caf0-a132-11ec-aec4-ab64a57f41b0.CwSlV9Aqp3eXUm76mJDKESh48XC3,U7WJLiyurUfkX4347DVknU2zNWFCnJ5V/dawyc1FQG8=,3B
0c698380-a377-11ec-9282-3b30ef53f779.GPtpPKfatQZsgltUPITRHdooLMd2,nFQ4HTGjDjJK00CqIA0Krl2Vv467a2h43gvECuTZbDo=,3A
c0bc3100-9e6f-11ec-8b8a-f541fbaee61c.mGgPStUJusUAOvMXSNKM1UfPeLI3,IeGNbg+yrkMN6+BytZU+wfQqHxdSGB41HpO+e/7F0E4=,1
f7403c20-9e7f-11ec-872b-ed38694bee4a.n8L9nCf731SioZnFjTBUBohfKCF2,JeRxYJBGCOaSkcMFRRbAUS0eAmC52pGA6sy9j93HW0w=,1
1f4aa860-9f96-11ec-aef9-65678a65b733.iMywTsDQCLQjrDP6BY3AhoadHMu1,65X0C/KtrbJOvAG7sOekEzWYBI9ErnLQoMBvI/WPWXA=,1
90f711c0-a058-11ec-b395-a7bf5616be76.VjsbmdPGxvOJziBwXr0jFWZWvC23,bFKW/IY1xfpoW0KnptYOW0nxMRpfpKdtQ3OmDewRU0Y=,1
bbd27c20-a11d-11ec-aec4-ab64a57f41b0.zd21cpkhELTrjJFjVI7O90HYjpy2,sJlKerecpd9PpHatZ9DoxzoUJodDjBYssYJ01esFeG4=,2A
99068610-a12b-11ec-a706-151592d11e23.4VKvMvovbMOYlYMCx0MDB1FXVSV2,lfGlwa0KIIiuGAX8B/nK5y+nFJ6rihY0HW9Oq+oyhQ4=,2B
1f3eb6e0-a059-11ec-b395-a7bf5616be76.IdWk1dckllQLBEJwM6kINiNK00u2,U4EJ4Lz3ZLXEycn1PFeYzTUn75qJ+y6YMVgOacpM92E=,2B
f7403c20-9e7f-11ec-872b-ed38694bee4a.3eJyuFUtYshsXjQRotQOd5LCfdn2,eJ4PR6Fagtg6QJaEiPW5mRZPW4Su60Z/Fo5zf9s+NCw=,1
2479ea50-a020-11ec-9556-e1f35a3f1148.Toli7AKdmRMEncNzHGVcsUsVeCG2,cxgTaW69z7lJ5K3zBE0Y9OypoYFmG7gVJMaNPv03+RU=,3B
4eec6dd0-9e81-11ec-93a4-3b06f9583e7b.JrHIycn8a7OOaaRj6Kgi22eIZsf2,PqSJRP3oCCfabfRf3zVKKQdRE++TQgxZatIarmo9mxg=,2A
1f4aa860-9f96-11ec-aef9-65678a65b733.qtBgu8314Lc6SwFGTiAbUNiFTuH2,CBVLAGLoScxzK64Hq+J3knV13C/D88f+LjddRiFaBB0=,1
ce3e2c30-a058-11ec-b395-a7bf5616be76.K2qVkJ0HeUOLmRKtF9WwGhGVrMk1,m4mCUGffpt5u0iRaTYa2SJfp4hZ9Ca1e6eCqxbmrOxM=,2A
f8aa4c40-a118-11ec-aec4-ab64a57f41b0.eQqgH7GeTvMai6PsWS0ZqC4ikjx1,ueOGolSbJiSpWudwzMwpAOpEu5ggzBCT55T2OfOvoiM=,1
6894a340-a12b-11ec-a706-151592d11e23.GPtpPKfatQZsgltUPITRHdooLMd2,nFQ4HTGjDjJK00CqIA0Krl2Vv467a2h43gvECuTZbDo=,2A
0746a270-a020-11ec-9556-e1f35a3f1148.Fm6VwEf4pic07dDmhtjtBJqAwbV2,ZW+wD5VC8tR7rjGA1Z3Fa+31KXEfCsa0HTlOjZw3G30=,3A
fb6908d0-9e80-11ec-93a4-3b06f9583e7b.tOknzcDphkbrWylYArP2E9sWUOF2,oa26B3fRs4HxpVJfFNIVbVJc3WmJs1vtGKOS5xbCzwk=,2B
ed235140-9e80-11ec-93a4-3b06f9583e7b.pAHBVpSxCGhvw0oQXUQ5au1TTkT2,pL6i7Apu5oXMzaHMBy6Qh24kmw7E3+6Tmmm42SuC4AE=,2A
1f4aa860-9f96-11ec-aef9-65678a65b733.GPtpPKfatQZsgltUPITRHdooLMd2,nFQ4HTGjDjJK00CqIA0Krl2Vv467a2h43gvECuTZbDo=,1
1f3eb6e0-a059-11ec-b395-a7bf5616be76.eJwTO8CRwsPji1IBmKGiSfN7MWD3,is6q9UD37Y71j6wvsCf2pBvq/UJTQnj7pZtwYjVSPnY=,2B
0f693b80-9e80-11ec-872b-ed38694bee4a.Q8N22ebLTUX8F1tHzV6XbuuR4x32,ZW+wD5VC8tR7rjGA1Z3Fa+31KXEfCsa0HTlOjZw3G30=,2A
50ef89d0-a3b0-11ec-bd4e-65f4d4183803.RxMtXnqPI6TQucFOujkCvZKTl382,AgXjiY9EDmqdR80b+7aI1UuNUNq+PY396lSbBbbOqj0=,1
f7403c20-9e7f-11ec-872b-ed38694bee4a.DChtZ1ummoSZC6VA6OmEyygXdeF2,zDm2VT7yQ3pIBGmStgP3Sxr0IjTD+7kM6PljHeBWShk=,1
e0866ac0-a00c-11ec-a460-9f953ef6d2ca.mGgPStUJusUAOvMXSNKM1UfPeLI3,IeGNbg+yrkMN6+BytZU+wfQqHxdSGB41HpO+e/7F0E4=,2B
2bc7ffe0-9e81-11ec-93a4-3b06f9583e7b.k3z5Da4DZBNVQLDezpcX6vjDyBJ2,VfJrDTlHqI7uZzycN/XZYEMgHFg6cTi5O/epAzFd0FI=,1
5bd2bc70-9e81-11ec-93a4-3b06f9583e7b.pMQlR1QYLmQ8bBKxDYqylr3hvgn2,CaOKOSVHw+CuDfUFiGI1mEwydQQ40AbuL2PNVfDZZEA=,2B
6894a340-a12b-11ec-a706-151592d11e23.aLEPnqGbQSUZ7EDgo8q1kVpjpnJ3,6g8hkNhhoZk1MM0+3LNgeLj1aeArL44j3MvX9ZRoND0=,2A
88939b80-9ffd-11ec-a491-2b30dc9f5b83.a2keP9D8OcYZ0kr7IrYFhiThjGf1,gK9od+J2PjTdGJ1v4EeVQICwmFNwdIISzqYGJN3NVGo=,2B
1d24caf0-a132-11ec-aec4-ab64a57f41b0.OxKUex3LvSZ7pokWtaPiK4n3mjY2,ZBqEfUswqSSxZKEyGKvnzZlcDP6j7dfoCKqM6WMEACw=,3B
f8aa4c40-a118-11ec-aec4-ab64a57f41b0.56xKBzqDvTW24mKo7gzAwl5KjuY2,N9rllXrOzp92DZ59kRbLZB8AI+oJ63zmr/P/lXdPZAQ=,1
0c698380-a377-11ec-9282-3b30ef53f779.kCsNl6m3KcTUQhsSiyQ3EiObiFn1,/STtq4JiYrLwQsaO440o8QbdVrtgJVdgo5F1jYIKCmU=,3A
bbd27c20-a11d-11ec-aec4-ab64a57f41b0.gZ55Ia6EHXXa925FFcyu5WKrYcl1,b9dkdaF6bA01FEvYQXg9rqIWgq9GRNOLRo4zVzJ4hR0=,2A
5bd2bc70-9e81-11ec-93a4-3b06f9583e7b.EavWqhH7uhP9utDxa4npQnSnrM22,mDSjjKd2av9lNaB0/AUhnnAVn5/k6vXGX4P4gHeDiQM=,2B
eb026910-a11d-11ec-aec4-ab64a57f41b0.56xKBzqDvTW24mKo7gzAwl5KjuY2,N9rllXrOzp92DZ59kRbLZB8AI+oJ63zmr/P/lXdPZAQ=,2B
a4835c80-a021-11ec-9556-e1f35a3f1148.k3z5Da4DZBNVQLDezpcX6vjDyBJ2,VfJrDTlHqI7uZzycN/XZYEMgHFg6cTi5O/epAzFd0FI=,3B
0f693b80-9e80-11ec-872b-ed38694bee4a.n8L9nCf731SioZnFjTBUBohfKCF2,JeRxYJBGCOaSkcMFRRbAUS0eAmC52pGA6sy9j93HW0w=,2A
2479ea50-a020-11ec-9556-e1f35a3f1148.DChtZ1ummoSZC6VA6OmEyygXdeF2,zDm2VT7yQ3pIBGmStgP3Sxr0IjTD+7kM6PljHeBWShk=,3B
1f4aa860-9f96-11ec-aef9-65678a65b733.s7gYl57pGhVNcbAVkC0vTnA0vRp2,IaupTAsV/C23b0J+fdKoPxtXwiDogNJaUSiSH/PU/xw=,1
2bc7ffe0-9e81-11ec-93a4-3b06f9583e7b.F9wx9dcAJqSJQfMm2Lvi3xpf2az1,gau4v8rFnz8TCYW04c/4nTq9s2YlNXOHY4Ljci8LwVI=,1
2bc7ffe0-9e81-11ec-93a4-3b06f9583e7b.2zzS8oO5Tgbsmf4qSBu4byIyDPH3,23pCP8qlkOQS2otyaYbz5eFfRc1HBu1+nXdfEpp3/A8=,1
0f693b80-9e80-11ec-872b-ed38694bee4a.eiyHpGo1gHQpoWJd3uTSKcgJKMh1,pd8FksAuL8AplfsMqQrqHqxM8f1G914+aosJ00uxuws=,2A
0c698380-a377-11ec-9282-3b30ef53f779.4VKvMvovbMOYlYMCx0MDB1FXVSV2,lfGlwa0KIIiuGAX8B/nK5y+nFJ6rihY0HW9Oq+oyhQ4=,3A
97be7890-a021-11ec-9556-e1f35a3f1148.A8iiUpDWp7a3F44LAmna2BOxoHr2,gau4v8rFnz8TCYW04c/4nTq9s2YlNXOHY4Ljci8LwVI=,3A
0746a270-a020-11ec-9556-e1f35a3f1148.g0HzFTIYPgSw5SBf2jn9URxKO9H2,pZvzc7K5S1XNyrSQpHY1HgcNriO90gOuuINI6bYrf2U=,3A
2479ea50-a020-11ec-9556-e1f35a3f1148.FUstCytjihRRzCDpSQ8zEnituGW2,6s4q+BaiL5aAyq05fOJ4/I36jlhPqy252nqoiQms+Ec=,3B
6894a340-a12b-11ec-a706-151592d11e23.kCsNl6m3KcTUQhsSiyQ3EiObiFn1,/STtq4JiYrLwQsaO440o8QbdVrtgJVdgo5F1jYIKCmU=,2A
43b43a40-a2e8-11ec-a451-2bfa0d8df993.mGgPStUJusUAOvMXSNKM1UfPeLI3,IeGNbg+yrkMN6+BytZU+wfQqHxdSGB41HpO+e/7F0E4=,3A
7bb219f0-a020-11ec-9556-e1f35a3f1148.1PU0lV2sO1fAlJIxoVaPLjLqFQF3,2JDUJzxLHAJZr0qAsXlntIpKpwhstXGFAS/x8P5hcB8=,3A
4eec6dd0-9e81-11ec-93a4-3b06f9583e7b.KIrHzy0M3MSa8U7uorNmhhGnZCo2,1nWKVhb5t3eTUVgJz4+puWk9UxuA6Q87QXirErGosQk=,2A
bbd27c20-a11d-11ec-aec4-ab64a57f41b0.Xoj9S3EMIYhJZT87kXPCSIVPeiN2,RKry6gjnB3ssqCzqvopiYb5xABEshZDxX6mHfVf2jEo=,2A
8b3cfbb0-a020-11ec-9556-e1f35a3f1148.tOknzcDphkbrWylYArP2E9sWUOF2,oa26B3fRs4HxpVJfFNIVbVJc3WmJs1vtGKOS5xbCzwk=,3B
c4e197c0-9e6f-11ec-8b8a-f541fbaee61c.mGgPStUJusUAOvMXSNKM1UfPeLI3,IeGNbg+yrkMN6+BytZU+wfQqHxdSGB41HpO+e/7F0E4=,1
90f711c0-a058-11ec-b395-a7bf5616be76.XtPKftWXyxTxNAD60kxMfn7N8fv1,ZOJa4Bv/h8HvkKlNI1iPI81avSyuXG3emGv5Vr71gTE=,1
0f693b80-9e80-11ec-872b-ed38694bee4a.HRysvfCGM3SG6KV4EYWhVRnRwdA2,bVhcKKas8nmPSDV+PQRsv/rW/mbo2viY1J+Llt7V4TQ=,2A
97def8d0-9e74-11ec-8cc2-89ca354516ca.mGgPStUJusUAOvMXSNKM1UfPeLI3,gK9od+J2PjTdGJ1v4EeVQICwmFNwdIISzqYGJN3NVGo=,2B
2479ea50-a020-11ec-9556-e1f35a3f1148.CKJIVycTr5eqga0cpAdIMdy59ih2,pZvzc7K5S1XNyrSQpHY1HgcNriO90gOuuINI6bYrf2U=,3B
fb6908d0-9e80-11ec-93a4-3b06f9583e7b.WuoJrq35kjfJs4eMEIHqCvpUYqC3,pQoMnbZ4IO1RNyKK2cCBs5CI3qNHoKowuhw3xaQ6oU4=,2B
2bc7ffe0-9e81-11ec-93a4-3b06f9583e7b.zNsRrGQSFiUmr27oN2j5KrnDGAx1,wHGfh8lHjkhwsqjAoeXJchu2qF0QTgIuRHG6pLQoYU4=,1
ecc67020-a131-11ec-aec4-ab64a57f41b0.iXZzLz4GlVMZxrsypBJZyEgYeVt1,m4mCUGffpt5u0iRaTYa2SJfp4hZ9Ca1e6eCqxbmrOxM=,3A
bbd27c20-a11d-11ec-aec4-ab64a57f41b0.xXBPzNMDvHeWpS7PmEboiP6uQl42,jLT3jPQPhNTJIKqXfXc2dAfAlHr1WDEQTF/Gejb+rw4=,2A
f8aa4c40-a118-11ec-aec4-ab64a57f41b0.oQgWaxykm9elnwG2VAiJTqJgScU2,+I6Lm2xSDwLNUdS7McSqmSZ83rgMWLhYQXDWw6rfIUg=,1
f7403c20-9e7f-11ec-872b-ed38694bee4a.s4k97pKncEO1Eit2n9bRrmGjLk02,q4bTMhFYK9JysIaPu/Glne6t49okkmCplDFt4+Lnjio=,1
a4835c80-a021-11ec-9556-e1f35a3f1148.0VVqYKETXNWf7R9cBSzVrUKY6ZJ3,mDSjjKd2av9lNaB0/AUhnnAVn5/k6vXGX4P4gHeDiQM=,3B
4eec6dd0-9e81-11ec-93a4-3b06f9583e7b.14nL4jOthtMTHtsd1Aq9gJoG7iq2,+EIBAvzNzZ9JHmqlY2usTLt6sk+JpU4l7Drkz+VIsTk=,2B
810131f0-9ed3-11ec-a7c7-ed7aee5058dd.bxOOER6TGVc9CS2rhV9gw1oTZUE3,cpxSQ3bRY79VZuvuZfQrnjCvx2Z54dOSthR88gKKmG4=,1
ce3e2c30-a058-11ec-b395-a7bf5616be76.olfwkSrZKlhNP6guglfYWPvRij42,ZOJa4Bv/h8HvkKlNI1iPI81avSyuXG3emGv5Vr71gTE=,2A
d931e110-9e80-11ec-93a4-3b06f9583e7b.eaxNdXCYcJQM2OOQkdFqDPGNRZe2,A3I5zFFUbDJ5fIn2UfJqPBOBKWxUNmQ4KVZWNN8rGQM=,1
4eec6dd0-9e81-11ec-93a4-3b06f9583e7b.A8iiUpDWp7a3F44LAmna2BOxoHr2,gau4v8rFnz8TCYW04c/4nTq9s2YlNXOHY4Ljci8LwVI=,2A
1a2b9c20-a056-11ec-9670-dd492cb81acc.ICi7BaDGCyNnlHZJbsHBHKv2izn1,9NVgqoMZw9UTouAxnybmnZ7vgOMyGRfFS6QFtSOT5mI=,1
1a2b9c20-a056-11ec-9670-dd492cb81acc.bhw6qC3SPzWh2i5gATQxwXhna1n1,IakibQ6jZLKEcJaNeMMQv65kU+w6SA6vUyxuBkkrQTw=,1
7bb219f0-a020-11ec-9556-e1f35a3f1148.7K5wDFPGR5OuzdJINkQsmqS4kdg1,hAi4UT2YQCdvd/HuWxwgwjVc3ux77bHu0EqKuHpJKFg=,3A
5bd2bc70-9e81-11ec-93a4-3b06f9583e7b.E4HyCV4Q4ZfDsgIqib2rbhSH8EF3,G8L4t2MEaelOVGCyB0pYLbNxE3LTudhGaQ58+gfalRA=,2B
90f711c0-a058-11ec-b395-a7bf5616be76.3Iv538oLAMOtXo6KFnHcNXfChQR2,RCYYEpx37fDvwB3n90q0QvV6QOm+QXASTu0/gpd/dWw=,1
2bc7ffe0-9e81-11ec-93a4-3b06f9583e7b.BXvedPAtNQcWM8CR9E6NXKchlq32,1SgjJERnQow9YEtQmLCYco6//I15zb0TspmEMAv6LxQ=,1
393d72b0-a140-11ec-9d82-3758f9bde839.dbpy0s6FuDVVgXiwmd9bAA6shKh2,rid0eBWWMAHMOtR5JTnOEaTE/1m/hUVSikwXvZUL6Do=,3A
fb6908d0-9e80-11ec-93a4-3b06f9583e7b.7RCjd1nasPSGHYL5QpqRAMwC8Wg2,33JnL70xfBdTAs+3OVkR8OAmLiVwhEI2adXBge9Ckng=,2B
ecc67020-a131-11ec-aec4-ab64a57f41b0.10zSZPOdzeUEhDmOaeurzhNYZIK2,CWcFtMvHa8VOPsZLUyK5PptjhYKG0kBQ52NjmfwVrio=,3A
4a94e370-a377-11ec-9282-3b30ef53f779.aLEPnqGbQSUZ7EDgo8q1kVpjpnJ3,6g8hkNhhoZk1MM0+3LNgeLj1aeArL44j3MvX9ZRoND0=,3B
ed235140-9e80-11ec-93a4-3b06f9583e7b.XDvmY6l5s7g1IpJi0LoJqPXDCXL2,Ve99kAxlRP3PSbayUMHourTdk+rUUA+zgGPmvwQbOCw=,2A
f7403c20-9e7f-11ec-872b-ed38694bee4a.Q8N22ebLTUX8F1tHzV6XbuuR4x32,ZW+wD5VC8tR7rjGA1Z3Fa+31KXEfCsa0HTlOjZw3G30=,1
fb6908d0-9e80-11ec-93a4-3b06f9583e7b.XnbUNl97Gzdt2rvbIIYA2KCBMyq1,hAi4UT2YQCdvd/HuWxwgwjVc3ux77bHu0EqKuHpJKFg=,2B